"abilities";"attack";"classfication";"hp";"name";"pokedex_number";"type1"
"['Snow Warning', 'Soundproof']";"132";"Frosted Tree Pokémon";"90";"Abomasnow";"460";"grass"
"['Synchronize', 'Inner Focus', 'Magic Guard']";"20";"Psi Pokémon";"25";"Abra";"63";"psychic"
"['Pressure', 'Super Luck', 'Justified']";"150";"Disaster Pokémon";"65";"Absol";"359";"dark"
"['Hydration', 'Sticky Hold', 'Unburden']";"70";"Shell Out Pokémon";"80";"Accelgor";"617";"bug"
"['Stance Change']";"150";"Royal Sword Pokémon";"60";"Aegislash";"681";"steel"
"['Rock Head', 'Pressure', 'Unnerve']";"135";"Fossil Pokémon";"80";"Aerodactyl";"142";"rock"
"['Sturdy', 'Rock Head', 'Heavy Metal']";"140";"Iron Armor Pokémon";"70";"Aggron";"306";"steel"
"['Run Away', 'Pickup', 'Skill Link']";"70";"Long Tail Pokémon";"55";"Aipom";"190";"normal"
"['Synchronize', 'Inner Focus', 'Magic Guard']";"50";"Psi Pokémon";"55";"Alakazam";"65";"psychic"
"['Healer', 'Hydration', 'Regenerator']";"75";"Caring Pokémon";"165";"Alomomola";"594";"water"
"['Natural Cure', 'Cloud Nine']";"110";"Humming Pokémon";"75";"Altaria";"334";"dragon"
"['Refrigerate', 'Snow Warning']";"59";"Tundra Pokémon";"77";"Amaura";"698";"rock"
"['Technician', 'Pickup', 'Skill Link']";"100";"Long Tail Pokémon";"75";"Ambipom";"424";"normal"
"['Effect Spore', 'Regenerator']";"85";"Mushroom Pokémon";"114";"Amoonguss";"591";"grass"
"['Static', 'Plus']";"95";"Light Pokémon";"90";"Ampharos";"181";"electric"
"['Battle Armor', 'Swift Swim']";"95";"Old Shrimp Pokémon";"45";"Anorith";"347";"rock"
"['Water Bubble', 'Water Absorb']";"70";"Water Bubble Pokémon";"68";"Araquanid";"752";"water"
"['Intimidate', 'Shed Skin', 'Unnerve']";"95";"Cobra Pokémon";"60";"Arbok";"24";"poison"
"['Intimidate', 'Flash Fire', 'Justified']";"110";"Legendary Pokémon";"90";"Arcanine";"59";"fire"
"['Multitype']";"120";"Alpha Pokémon";"120";"Arceus";"493";"normal"
"['Defeatist']";"112";"First Bird Pokémon";"55";"Archen";"566";"rock"
"['Defeatist']";"140";"First Bird Pokémon";"75";"Archeops";"567";"rock"
"['Swarm', 'Insomnia', 'Sniper']";"90";"Long Leg Pokémon";"70";"Ariados";"168";"bug"
"['Battle Armor', 'Swift Swim']";"125";"Plate Pokémon";"75";"Armaldo";"348";"rock"
"['Healer', 'Aroma Veil']";"72";"Fragrance Pokémon";"101";"Aromatisse";"683";"fairy"
"['Sturdy', 'Rock Head', 'Heavy Metal']";"70";"Iron Armor Pokémon";"50";"Aron";"304";"steel"
"['Pressure', 'Snow Cloak']";"85";"Freeze Pokémon";"90";"Articuno";"144";"ice"
"['Healer', 'Regenerator', 'Klutz']";"60";"Hearing Pokémon";"103";"Audino";"531";"normal"
"['Refrigerate', 'Snow Warning']";"77";"Tundra Pokémon";"123";"Aurorus";"699";"rock"
"['Own Tempo', 'Ice Body', 'Sturdy']";"117";"Iceberg Pokémon";"95";"Avalugg";"713";"ice"
"['Rivalry', 'Mold Breaker', 'Unnerve']";"87";"Tusk Pokémon";"46";"Axew";"610";"dragon"
"['Levitate']";"125";"Willpower Pokémon";"75";"Azelf";"482";"psychic"
"['Thick Fat', 'Huge Power', 'Sap Sipper']";"50";"Aquarabbit Pokémon";"100";"Azumarill";"184";"water"
"['Thick Fat', 'Huge Power', 'Sap Sipper']";"20";"Polka Dot Pokémon";"50";"Azurill";"298";"normal"
"['Rock Head', 'Sheer Force']";"75";"Rock Head Pokémon";"45";"Bagon";"371";"dragon"
"['Levitate']";"40";"Clay Doll Pokémon";"40";"Baltoy";"343";"ground"
"['Insomnia', 'Frisk', 'Cursed Body']";"165";"Marionette Pokémon";"64";"Banette";"354";"ghost"
"['Tough Claws', 'Sniper', 'Pickpocket']";"105";"Collective Pokémon";"72";"Barbaracle";"689";"rock"
"['Oblivious', 'Anticipation', 'Hydration']";"48";"Whiskers Pokémon";"50";"Barboach";"339";"water"
"['Reckless', 'Rock Head', 'Adaptability', 'Mold Breaker']";"92";"Hostile Pokémon";"70";"Basculin";"550";"water"
"['Sturdy', 'Soundproof']";"52";"Shield Pokémon";"60";"Bastiodon";"411";"rock"
"['Overgrow', 'Leaf Guard']";"62";"Leaf Pokémon";"60";"Bayleef";"153";"grass"
"['Snow Cloak', 'Slush Rush', 'Swift Swim']";"130";"Freezing Pokémon";"95";"Beartic";"614";"ice"
"['Swarm', 'Rivalry']";"70";"Butterfly Pokémon";"60";"Beautifly";"267";"bug"
"['Swarm', 'Sniper']";"150";"Poison Bee Pokémon";"65";"Beedrill";"15";"bug"
"['Telepathy', 'Synchronize', 'Analytic']";"75";"Cerebral Pokémon";"75";"Beheeyem";"606";"psychic"
"['Clear Body', 'Light Metal']";"55";"Iron Ball Pokémon";"40";"Beldum";"374";"steel"
"['Chlorophyll', 'Healer']";"80";"Flower Pokémon";"75";"Bellossom";"182";"grass"
"['Chlorophyll', 'Gluttony']";"75";"Flower Pokémon";"50";"Bellsprout";"69";"grass"
"['Own Tempo', 'Ice Body', 'Sturdy']";"69";"Ice Chunk Pokémon";"55";"Bergmite";"712";"ice"
"['Fluffy', 'Klutz', 'Unnerve']";"125";"Strong Arm Pokémon";"120";"Bewear";"760";"normal"
"['Simple', 'Unaware', 'Moody']";"85";"Beaver Pokémon";"79";"Bibarel";"400";"normal"
"['Simple', 'Unaware', 'Moody']";"45";"Plump Mouse Pokémon";"59";"Bidoof";"399";"normal"
"['Tough Claws', 'Sniper', 'Pickpocket']";"52";"Two-Handed Pokémon";"42";"Binacle";"688";"rock"
"['Defiant', 'Inner Focus', 'Pressure']";"125";"Sword Blade Pokémon";"65";"Bisharp";"625";"dark"
"['Torrent', 'Rain Dish']";"103";"Shellfish Pokémon";"79";"Blastoise";"9";"water"
"['Blaze', 'Speed Boost']";"160";"Blaze Pokémon";"80";"Blaziken";"257";"fire"
"['Natural Cure', 'Serene Grace', 'Healer']";"10";"Happiness Pokémon";"255";"Blissey";"242";"normal"
"['Lightningrod', 'Motor Drive', 'Sap Sipper']";"60";"Electrified Pokémon";"45";"Blitzle";"522";"electric"
"['Sturdy', 'Weak Armor', 'Sand Force']";"105";"Ore Pokémon";"70";"Boldore";"525";"rock"
"['Sturdy', 'Rock Head', 'Rattled']";"80";"Bonsai Pokémon";"50";"Bonsly";"438";"rock"
"['Reckless', 'Sap Sipper', 'Soundproof']";"110";"Bash Buffalo Pokémon";"95";"Bouffalant";"626";"normal"
"['Leaf Guard', 'Oblivious', 'Sweet Veil']";"30";"Fruit Pokémon";"42";"Bounsweet";"761";"grass"
"['Blaze', 'Magician']";"59";"Fox Pokémon";"59";"Braixen";"654";"fire"
"['Keen Eye', 'Sheer Force', 'Defiant']";"123";"Valiant Pokémon";"100";"Braviary";"628";"normal"
"['Effect Spore', 'Poison Heal', 'Technician']";"130";"Mushroom Pokémon";"60";"Breloom";"286";"grass"
"['Torrent', 'Liquid Voice']";"69";"Pop Star Pokémon";"60";"Brionne";"729";"water"
"['Levitate', 'Heatproof', 'Heavy Metal']";"89";"Bronze Bell Pokémon";"67";"Bronzong";"437";"steel"
"['Levitate', 'Heatproof', 'Heavy Metal']";"24";"Bronze Pokémon";"57";"Bronzor";"436";"steel"
"['Dazzling', 'Strong Jaw', 'Wonder Skin ']";"105";"Gnash Teeth Pokémon";"68";"Bruxish";"779";"water"
"['Natural Cure', 'Poison Point', 'Leaf Guard']";"30";"Bud Pokémon";"40";"Budew";"406";"grass"
"['Swift Swim', 'Water Veil']";"65";"Sea Weasel Pokémon";"55";"Buizel";"418";"water"
"['Overgrow', 'Chlorophyll']";"49";"Seed Pokémon";"45";"Bulbasaur";"1";"grass"
"['Run Away', 'Klutz', 'Limber']";"66";"Rabbit Pokémon";"55";"Buneary";"427";"normal"
"['Pickup', 'Cheek Pouch', 'Huge Power']";"36";"Digging Pokémon";"38";"Bunnelby";"659";"normal"
"['Shed Skin', 'Overcoat']";"29";"Bagworm Pokémon";"40";"Burmy";"412";"bug"
"['Compoundeyes', 'Tinted Lens']";"45";"Butterfly Pokémon";"60";"Butterfree";"12";"bug"
"['Beast Boost']";"139";"Swollen Pokémon";"107";"Buzzwole";"794";"bug"
"['Sand Veil', 'Water Absorb']";"85";"Cactus Pokémon";"50";"Cacnea";"331";"grass"
"['Sand Veil', 'Water Absorb']";"115";"Scarecrow Pokémon";"70";"Cacturne";"332";"grass"
"['Magma Armor', 'Solid Rock', 'Anger Point']";"120";"Eruption Pokémon";"70";"Camerupt";"323";"fire"
"['Clear Body', 'Sturdy']";"50";"Jewel Pokémon";"50";"Carbink";"703";"rock"
"['Levitate']";"100";"Bug Catcher Pokémon";"74";"Carnivine";"455";"grass"
"['Solid Rock', 'Sturdy', 'Swift Swim']";"108";"Prototurtle Pokémon";"74";"Carracosta";"565";"water"
"['Rough Skin', 'Speed Boost']";"90";"Savage Pokémon";"45";"Carvanha";"318";"water"
"['Shed Skin']";"35";"Cocoon Pokémon";"50";"Cascoon";"268";"bug"
"['Forecast']";"70";"Weather Pokémon";"70";"Castform";"351";"normal"
"['Shield Dust', 'Run Away']";"30";"Worm Pokémon";"45";"Caterpie";"10";"bug"
"['Natural Cure']";"100";"Time Travel Pokémon";"100";"Celebi";"251";"psychic"
"['Beast Boost']";"101";"Launch Pokémon";"97";"Celesteela";"797";"steel"
"['Flash Fire', 'Flame Body', 'Infiltrator']";"55";"Luring Pokémon";"60";"Chandelure";"609";"ghost"
"['Natural Cure', 'Serene Grace', 'Healer']";"5";"Egg Pokémon";"250";"Chansey";"113";"normal"
"['Blaze', 'Solar Power']";"104";"Flame Pokémon";"78";"Charizard";"6";"fire"
"['Battery']";"82";"Battery Pokémon";"57";"Charjabug";"737";"bug"
"['Blaze', 'Solar Power']";"52";"Lizard Pokémon";"39";"Charmander";"4";"fire"
"['Blaze', 'Solar Power']";"64";"Flame Pokémon";"58";"Charmeleon";"5";"fire"
"['Keen Eye', 'Tangled Feet', 'Big Pecks']";"65";"Music Note Pokémon";"76";"Chatot";"441";"normal"
"['Flower Gift']";"60";"Blossom Pokémon";"70";"Cherrim";"421";"grass"
"['Chlorophyll']";"35";"Cherry Pokémon";"45";"Cherubi";"420";"grass"
"['Overgrow', 'Bulletproof']";"107";"Spiny Armor Pokémon";"88";"Chesnaught";"652";"grass"
"['Overgrow', 'Bulletproof']";"61";"Spiky Nut Pokémon";"56";"Chespin";"650";"grass"
"['Overgrow', 'Leaf Guard']";"49";"Leaf Pokémon";"45";"Chikorita";"152";"grass"
"['Blaze', 'Iron Fist']";"58";"Chimp Pokémon";"44";"Chimchar";"390";"fire"
"['Levitate']";"50";"Wind Chime Pokémon";"75";"Chimecho";"358";"psychic"
"['Volt Absorb', 'Illuminate', 'Water Absorb']";"38";"Angler Pokémon";"75";"Chinchou";"170";"water"
"['Levitate']";"30";"Bell Pokémon";"45";"Chingling";"433";"psychic"
"['Cute Charm', 'Technician', 'Skill Link']";"95";"Scarf Pokémon";"75";"Cinccino";"573";"normal"
"['Shell Armor', 'Rattled']";"64";"Bivalve Pokémon";"35";"Clamperl";"366";"water"
"['Mega Launcher']";"53";"Water Gun Pokémon";"50";"Clauncher";"692";"water"
"['Mega Launcher']";"73";"Howitzer Pokémon";"71";"Clawitzer";"693";"water"
"['Levitate']";"70";"Clay Doll Pokémon";"60";"Claydol";"344";"ground"
"['Cute Charm', 'Magic Guard', 'Unaware']";"70";"Fairy Pokémon";"95";"Clefable";"36";"fairy"
"['Cute Charm', 'Magic Guard', 'Friend Guard']";"45";"Fairy Pokémon";"70";"Clefairy";"35";"fairy"
"['Cute Charm', 'Magic Guard', 'Friend Guard']";"25";"Star Shape Pokémon";"50";"Cleffa";"173";"fairy"
"['Shell Armor', 'Skill Link', 'Overcoat']";"95";"Bivalve Pokémon";"50";"Cloyster";"91";"water"
"['Justified']";"90";"Iron Will Pokémon";"91";"Cobalion";"638";"steel"
"['Mummy']";"50";"Coffin Pokémon";"58";"Cofagrigus";"563";"ghost"
"['Honey Gather', 'Hustle']";"30";"Tiny Bee Pokémon";"30";"Combee";"415";"bug"
"['Blaze', 'Speed Boost']";"85";"Young Fowl Pokémon";"60";"Combusken";"256";"fire"
"['Flower Veil', 'Triage', 'Natural Cure']";"52";"Posy Picker Pokémon";"51";"Comfey";"764";"fairy"
"['Guts', 'Sheer Force', 'Iron Fist']";"140";"Muscular Pokémon";"105";"Conkeldurr";"534";"fighting"
"['Hyper Cutter', 'Shell Armor', 'Adaptability']";"80";"Ruffian Pokémon";"43";"Corphish";"341";"water"
"['Hustle', 'Natural Cure', 'Regenerator']";"55";"Coral Pokémon";"65";"Corsola";"222";"water"
"['Sturdy']";"29";"Protostar Pokémon";"43";"Cosmoem";"790";"psychic"
"['Unaware']";"29";"Nebula Pokémon";"43";"Cosmog";"789";"psychic"
"['Prankster', 'Infiltrator', 'Chlorophyll']";"27";"Cotton Puff Pokémon";"40";"Cottonee";"546";"grass"
"['Hyper Cutter', 'Iron Fist', 'Anger Point']";"132";"Woolly Crab Pokémon";"97";"Crabominable";"740";"fighting"
"['Hyper Cutter', 'Iron Fist', 'Anger Point']";"82";"Boxing Pokémon";"47";"Crabrawler";"739";"fighting"
"['Suction Cups', 'Storm Drain']";"81";"Barnacle Pokémon";"86";"Cradily";"346";"rock"
"['Mold Breaker', 'Sheer Force']";"125";"Head Butt Pokémon";"67";"Cranidos";"408";"rock"
"['Hyper Cutter', 'Shell Armor', 'Adaptability']";"120";"Rogue Pokémon";"63";"Crawdaunt";"342";"water"
"['Levitate']";"70";"Lunar Pokémon";"120";"Cresselia";"488";"psychic"
"['Anticipation', 'Dry Skin', 'Poison Touch']";"61";"Toxic Mouth Pokémon";"48";"Croagunk";"453";"poison"
"['Inner Focus', 'Infiltrator']";"90";"Bat Pokémon";"85";"Crobat";"169";"poison"
"['Torrent', 'Sheer Force']";"80";"Big Jaw Pokémon";"65";"Croconaw";"159";"water"
"['Sturdy', 'Shell Armor', 'Weak Armor']";"105";"Stone Home Pokémon";"70";"Crustle";"558";"bug"
"['Levitate']";"50";"Crystallizing Pokémon";"80";"Cryogonal";"615";"ice"
"['Snow Cloak', 'Slush Rush', 'Rattled']";"70";"Chill Pokémon";"55";"Cubchoo";"613";"ice"
"['Rock Head', 'Lightningrod', 'Battle Armor']";"50";"Lonely Pokémon";"50";"Cubone";"104";"ground"
"['Honey Gather', 'Shield Dust', 'Sweet Veil']";"45";"Bee Fly Pokémon";"40";"Cutiefly";"742";"bug"
"['Blaze', 'Flash Fire']";"52";"Fire Mouse Pokémon";"39";"Cyndaquil";"155";"fire"
"['Bad Dreams']";"90";"Pitch-Black Pokémon";"70";"Darkrai";"491";"dark"
"['Sheer Force', 'Zen Mode']";"30";"Blazing Pokémon";"105";"Darmanitan";"555";"fire"
"['Overgrow', 'Long Reach']";"75";"Blade Quill Pokémon";"78";"Dartrix";"723";"grass"
"['Hustle', 'Inner Focus']";"90";"Zen Charm Pokémon";"70";"Darumaka";"554";"fire"
"['Overgrow', 'Long Reach']";"107";"Arrow Quill Pokémon";"78";"Decidueye";"724";"grass"
"['Cheek Pouch', 'Pickup', 'Plus']";"58";"Antenna Pokémon";"67";"Dedenne";"702";"electric"
"['Chlorophyll', 'Sap Sipper', 'Serene Grace']";"60";"Season Pokémon";"60";"Deerling";"585";"normal"
"['Hustle']";"65";"Irate Pokémon";"52";"Deino";"633";"dark"
"['Cute Charm', 'Normalize', 'Wonder Skin ']";"65";"Prim Pokémon";"70";"Delcatty";"301";"normal"
"['Vital Spirit', 'Hustle', 'Insomnia']";"55";"Delivery Pokémon";"45";"Delibird";"225";"ice"
"['Blaze', 'Magician']";"69";"Fox Pokémon";"75";"Delphox";"655";"fire"
"['Pressure']";"95";"DNA Pokémon";"50";"Deoxys";"386";"psychic"
"['Thick Fat', 'Hydration', 'Ice Body']";"70";"Sea Lion Pokémon";"90";"Dewgong";"87";"water"
"['Torrent', 'Shell Armor']";"75";"Discipline Pokémon";"75";"Dewott";"502";"water"
"['Water Bubble', 'Water Absorb']";"40";"Water Bubble Pokémon";"38";"Dewpider";"751";"water"
"['Steelworker']";"131";"Sea Creeper Pokémon";"70";"Dhelmise";"781";"ghost"
"['Pressure', 'Telepathy']";"120";"Temporal Pokémon";"100";"Dialga";"483";"steel"
"['Clear Body']";"160";"Jewel Pokémon";"50";"Diancie";"719";"rock"
"['Pickup', 'Cheek Pouch', 'Huge Power']";"56";"Digging Pokémon";"85";"Diggersby";"660";"normal"
"['Limber', 'Imposter']";"48";"Transform Pokémon";"48";"Ditto";"132";"normal"
"['Run Away', 'Early Bird', 'Tangled Feet']";"110";"Triple Bird Pokémon";"60";"Dodrio";"85";"normal"
"['Run Away', 'Early Bird', 'Tangled Feet']";"85";"Twin Bird Pokémon";"35";"Doduo";"84";"normal"
"['Sturdy', 'Sand Veil']";"120";"Armor Pokémon";"90";"Donphan";"232";"ground"
"['No Guard']";"110";"Sword Pokémon";"59";"Doublade";"680";"steel"
"['Poison Point', 'Poison Touch', 'Adaptability']";"75";"Mock Kelp Pokémon";"65";"Dragalge";"691";"poison"
"['Shed Skin', 'Marvel Scale']";"84";"Dragon Pokémon";"61";"Dragonair";"148";"dragon"
"['Inner Focus', 'Multiscale']";"134";"Dragon Pokémon";"91";"Dragonite";"149";"dragon"
"['Berserk', 'Sap Sipper', 'Cloud Nine']";"60";"Placid Pokémon";"78";"Drampa";"780";"normal"
"['Battle Armor', 'Sniper', 'Keen Eye']";"90";"Ogre Scorp Pokémon";"70";"Drapion";"452";"poison"
"['Shed Skin', 'Marvel Scale']";"64";"Dragon Pokémon";"41";"Dratini";"147";"dragon"
"['Aftermath', 'Unburden', 'Flare Boost']";"80";"Blimp Pokémon";"150";"Drifblim";"426";"ghost"
"['Aftermath', 'Unburden', 'Flare Boost']";"50";"Balloon Pokémon";"90";"Drifloon";"425";"ghost"
"['Sand Rush', 'Sand Force', 'Mold Breaker']";"85";"Mole Pokémon";"60";"Drilbur";"529";"ground"
"['Insomnia', 'Forewarn', 'Inner Focus']";"48";"Hypnosis Pokémon";"60";"Drowzee";"96";"psychic"
"['Rough Skin', 'Sheer Force', 'Mold Breaker']";"120";"Cave Pokémon";"77";"Druddigon";"621";"dragon"
"['Keen Eye', 'Big Pecks', 'Hydration']";"44";"Water Bird Pokémon";"62";"Ducklett";"580";"water"
"['Serene Grace', 'Run Away', 'Rattled']";"70";"Land Snake Pokémon";"100";"Dunsparce";"206";"normal"
"['Overcoat', 'Magic Guard', 'Regenerator']";"40";"Mitosis Pokémon";"65";"Duosion";"578";"psychic"
"['Swarm', 'Hustle', 'Truant']";"109";"Iron Ant Pokémon";"58";"Durant";"632";"bug"
"['Pressure', 'Frisk']";"70";"Beckon Pokémon";"40";"Dusclops";"356";"ghost"
"['Pressure', 'Frisk']";"100";"Gripper Pokémon";"45";"Dusknoir";"477";"ghost"
"['Levitate', 'Frisk']";"40";"Requiem Pokémon";"20";"Duskull";"355";"ghost"
"['Shield Dust', 'Compoundeyes']";"50";"Poison Moth Pokémon";"60";"Dustox";"269";"bug"
"['Sturdy', 'Shell Armor', 'Weak Armor']";"65";"Rock Inn Pokémon";"50";"Dwebble";"557";"bug"
"['Levitate']";"85";"EleFish Pokémon";"65";"Eelektrik";"603";"electric"
"['Levitate']";"115";"EleFish Pokémon";"85";"Eelektross";"604";"electric"
"['Run Away', 'Adaptability', 'Anticipation']";"55";"Evolution Pokémon";"55";"Eevee";"133";"normal"
"['Intimidate', 'Shed Skin', 'Unnerve']";"60";"Snake Pokémon";"35";"Ekans";"23";"poison"
"['Static', 'Vital Spirit']";"83";"Electric Pokémon";"65";"Electabuzz";"125";"electric"
"['Motor Drive', 'Vital Spirit']";"123";"Thunderbolt Pokémon";"75";"Electivire";"466";"electric"
"['Static', 'Lightningrod', 'Minus']";"45";"Lightning Pokémon";"40";"Electrike";"309";"electric"
"['Soundproof', 'Static', 'Aftermath']";"50";"Ball Pokémon";"60";"Electrode";"101";"electric"
"['Static', 'Vital Spirit']";"63";"Electric Pokémon";"45";"Elekid";"239";"electric"
"['Telepathy', 'Synchronize', 'Analytic']";"55";"Cerebral Pokémon";"55";"Elgyem";"605";"psychic"
"['Blaze', 'Reckless']";"123";"Mega Fire Pig Pokémon";"110";"Emboar";"500";"fire"
"['Static', 'Motor Drive']";"75";"Sky Squirrel Pokémon";"55";"Emolga";"587";"electric"
"['Torrent', 'Defiant']";"86";"Emperor Pokémon";"84";"Empoleon";"395";"water"
"['Pressure', 'Inner Focus']";"115";"Volcano Pokémon";"115";"Entei";"244";"fire"
"['Swarm', 'Shell Armor', 'Overcoat']";"135";"Cavalry Pokémon";"70";"Escavalier";"589";"bug"
"['Synchronize', 'Magic Bounce']";"65";"Sun Pokémon";"65";"Espeon";"196";"psychic"
"['Keen Eye', 'Infiltrator', 'Own Tempo']";"48";"Restraint Pokémon";"62";"Espurr";"677";"psychic"
"['Sand Rush', 'Sand Force', 'Mold Breaker']";"135";"Subterrene Pokémon";"110";"Excadrill";"530";"ground"
"['Chlorophyll', 'Harvest']";"40";"Egg Pokémon";"60";"Exeggcute";"102";"grass"
"['Soundproof', 'Scrappy']";"91";"Loud Noise Pokémon";"104";"Exploud";"295";"normal"
"['Keen Eye', 'Inner Focus', 'Defiant']";"90";"Wild Duck Pokémon";"52";"Farfetch'd";"83";"normal"
"['Keen Eye', 'Sniper']";"90";"Beak Pokémon";"65";"Fearow";"22";"normal"
"['Swift Swim', 'Oblivious', 'Adaptability']";"15";"Fish Pokémon";"20";"Feebas";"349";"water"
"['Blaze', 'Magician']";"45";"Fox Pokémon";"40";"Fennekin";"653";"fire"
"['Torrent', 'Sheer Force']";"105";"Big Jaw Pokémon";"85";"Feraligatr";"160";"water"
"['Iron Barbs']";"50";"Thorn Seed Pokémon";"44";"Ferroseed";"597";"grass"
"['Iron Barbs', 'Anticipation']";"94";"Thorn Pod Pokémon";"74";"Ferrothorn";"598";"grass"
"['Swift Swim', 'Storm Drain', 'Water Veil']";"49";"Wing Fish Pokémon";"49";"Finneon";"456";"water"
"['Static', 'Plus']";"55";"Wool Pokémon";"70";"Flaaffy";"180";"electric"
"['Flower Veil', 'Symbiosis']";"38";"Single Bloom Pokémon";"44";"Flabébé";"669";"fairy"
"['Flash Fire', 'Guts']";"130";"Flame Pokémon";"65";"Flareon";"136";"fire"
"['Flame Body', 'Gale Wings']";"73";"Ember Pokémon";"62";"Fletchinder";"662";"fire"
"['Big Pecks', 'Gale Wings']";"50";"Tiny Robin Pokémon";"45";"Fletchling";"661";"normal"
"['Swift Swim', 'Water Veil']";"105";"Sea Weasel Pokémon";"85";"Floatzel";"419";"water"
"['Flower Veil', 'Symbiosis']";"65";"Fairy Pokémon";"74";"Floette";"670";"fairy"
"['Flower Veil', 'Symbiosis']";"65";"Garden Pokémon";"78";"Florges";"671";"fairy"
"['Levitate']";"100";"Mystic Pokémon";"80";"Flygon";"330";"ground"
"['Leaf Guard', 'Contrary']";"55";"Sickle Grass Pokémon";"40";"Fomantis";"753";"grass"
"['Effect Spore', 'Regenerator']";"55";"Mushroom Pokémon";"69";"Foongus";"590";"grass"
"['Sturdy', 'Overcoat']";"90";"Bagworm Pokémon";"75";"Forretress";"205";"bug"
"['Rivalry', 'Mold Breaker', 'Unnerve']";"117";"Axe Jaw Pokémon";"66";"Fraxure";"611";"dragon"
"['Water Absorb', 'Cursed Body', 'Damp']";"40";"Floating Pokémon";"55";"Frillish";"592";"water"
"['Torrent', 'Protean']";"56";"Bubble Frog Pokémon";"41";"Froakie";"656";"water"
"['Torrent', 'Protean']";"63";"Bubble Frog Pokémon";"54";"Frogadier";"657";"water"
"['Snow Cloak', 'Cursed Body']";"80";"Snow Land Pokémon";"70";"Froslass";"478";"ice"
"['Fur Coat']";"80";"Poodle Pokémon";"75";"Furfrou";"676";"normal"
"['Run Away', 'Keen Eye', 'Frisk']";"76";"Long Body Pokémon";"85";"Furret";"162";"normal"
"['Sand Veil', 'Rough Skin']";"90";"Cave Pokémon";"68";"Gabite";"444";"dragon"
"['Steadfast', 'Justified']";"165";"Blade Pokémon";"68";"Gallade";"475";"psychic"
"['Compoundeyes', 'Unnerve', 'Swarm']";"77";"EleSpider Pokémon";"70";"Galvantula";"596";"bug"
"['Stench', 'Weak Armor', 'Aftermath']";"95";"Trash Heap Pokémon";"80";"Garbodor";"569";"poison"
"['Sand Veil', 'Rough Skin']";"170";"Mach Pokémon";"108";"Garchomp";"445";"dragon"
"['Synchronize', 'Trace', 'Telepathy']";"85";"Embrace Pokémon";"68";"Gardevoir";"282";"psychic"
"['Levitate']";"35";"Gas Pokémon";"30";"Gastly";"92";"ghost"
"['Sticky Hold', 'Storm Drain', 'Sand Force']";"83";"Sea Slug Pokémon";"111";"Gastrodon";"423";"water"
"['Download']";"120";"Paleozoic Pokémon";"71";"Genesect";"649";"bug"
"['Cursed Body']";"65";"Shadow Pokémon";"60";"Gengar";"94";"ghost"
"['Sand Veil', 'Rough Skin']";"70";"Land Shark Pokémon";"58";"Gible";"443";"dragon"
"['Sturdy', 'Sand Stream', 'Sand Force']";"135";"Compressed Pokémon";"85";"Gigalith";"526";"rock"
"['Inner Focus', 'Early Bird', 'Sap Sipper']";"80";"Long Neck Pokémon";"70";"Girafarig";"203";"normal"
"['Pressure', 'Telepathy', 'Levitate']";"120";"Renegade Pokémon";"150";"Giratina";"487";"ghost"
"['Snow Cloak', 'Ice Body']";"60";"Fresh Snow Pokémon";"65";"Glaceon";"471";"ice"
"['Inner Focus', 'Ice Body', 'Moody']";"120";"Face Pokémon";"80";"Glalie";"362";"ice"
"['Limber', 'Own Tempo', 'Keen Eye']";"55";"Catty Pokémon";"49";"Glameow";"431";"normal"
"['Hyper Cutter', 'Sand Veil', 'Immunity']";"75";"Flyscorpion Pokémon";"65";"Gligar";"207";"ground"
"['Hyper Cutter', 'Sand Veil', 'Poison Heal']";"95";"Fang Scorp Pokémon";"75";"Gliscor";"472";"ground"
"['Chlorophyll', 'Stench']";"65";"Weed Pokémon";"60";"Gloom";"44";"grass"
"['Sap Sipper', 'Grass Pelt']";"100";"Mount Pokémon";"123";"Gogoat";"673";"grass"
"['Inner Focus', 'Infiltrator']";"80";"Bat Pokémon";"75";"Golbat";"42";"poison"
"['Swift Swim', 'Water Veil', 'Lightningrod']";"67";"Goldfish Pokémon";"45";"Goldeen";"118";"water"
"['Damp', 'Cloud Nine', 'Swift Swim']";"82";"Duck Pokémon";"80";"Golduck";"55";"water"
"['Iron Fist', 'Klutz', 'No Guard']";"74";"Automaton Pokémon";"59";"Golett";"622";"ground"
"['Emergency Exit']";"125";"Hard Scale Pokémon";"75";"Golisopod";"768";"bug"
"['Iron Fist', 'Klutz', 'No Guard']";"124";"Automaton Pokémon";"89";"Golurk";"623";"ground"
"['Sap Sipper', 'Hydration', 'Gooey']";"100";"Dragon Pokémon";"90";"Goodra";"706";"dragon"
"['Sap Sipper', 'Hydration', 'Gooey']";"50";"Soft Tissue Pokémon";"45";"Goomy";"704";"dragon"
"['Swift Swim', 'Hydration']";"84";"South Sea Pokémon";"55";"Gorebyss";"368";"water"
"['Frisk', 'Competitive', 'Shadow Tag']";"30";"Fixation Pokémon";"45";"Gothita";"574";"psychic"
"['Frisk', 'Competitive', 'Shadow Tag']";"55";"Astral Body Pokémon";"70";"Gothitelle";"576";"psychic"
"['Frisk', 'Competitive', 'Shadow Tag']";"45";"Manipulate Pokémon";"60";"Gothorita";"575";"psychic"
"['Pickup', 'Frisk', 'Insomnia']";"100";"Pumpkin Pokémon";"85";"Gourgeist";"711";"ghost"
"['Intimidate', 'Quick Feet', 'Rattled']";"120";"Fairy Pokémon";"90";"Granbull";"210";"fairy"
"['Torrent', 'Protean', 'Battle Bond']";"145";"Ninja Pokémon";"72";"Greninja";"658";"water"
"['Overgrow', 'Shell Armor']";"89";"Grove Pokémon";"75";"Grotle";"388";"grass"
"['Drought']";"180";"Continent Pokémon";"100";"Groudon";"383";"ground"
"['Overgrow', 'Unburden']";"65";"Wood Gecko Pokémon";"50";"Grovyle";"253";"grass"
"['Intimidate', 'Flash Fire', 'Justified']";"70";"Puppy Pokémon";"55";"Growlithe";"58";"fire"
"['Swarm']";"62";"Larva Pokémon";"47";"Grubbin";"736";"bug"
"['Thick Fat', 'Own Tempo', 'Gluttony']";"45";"Manipulate Pokémon";"80";"Grumpig";"326";"psychic"
"['Liquid Ooze', 'Sticky Hold', 'Gluttony']";"43";"Stomach Pokémon";"70";"Gulpin";"316";"poison"
"['Stakeout', 'Strong Jaw', 'Adaptability']";"110";"Stakeout Pokémon";"88";"Gumshoos";"735";"normal"
"['Guts', 'Sheer Force', 'Iron Fist']";"105";"Muscular Pokémon";"85";"Gurdurr";"533";"fighting"
"['Beast Boost']";"101";"Junkivore Pokémon";"223";"Guzzlord";"799";"dark"
"['Intimidate', 'Moxie']";"155";"Atrocious Pokémon";"95";"Gyarados";"130";"water"
"['Bulletproof', 'Soundproof', 'Overcoat']";"75";"Scaly Pokémon";"55";"Hakamo-o";"783";"dragon"
"['Natural Cure', 'Serene Grace', 'Friend Guard']";"5";"Playhouse Pokémon";"100";"Happiny";"440";"normal"
"['Thick Fat', 'Guts', 'Sheer Force']";"120";"Arm Thrust Pokémon";"144";"Hariyama";"297";"fighting"
"['Levitate']";"50";"Gas Pokémon";"45";"Haunter";"93";"ghost"
"['Limber', 'Unburden', 'Mold Breaker']";"92";"Wrestling Pokémon";"78";"Hawlucha";"701";"fighting"
"['Rivalry', 'Mold Breaker', 'Unnerve']";"147";"Axe Jaw Pokémon";"76";"Haxorus";"612";"dragon"
"['Gluttony', 'Flash Fire', 'White Smoke']";"97";"Anteater Pokémon";"85";"Heatmor";"631";"fire"
"['Flash Fire', 'Flame Body']";"90";"Lava Dome Pokémon";"91";"Heatran";"485";"fire"
"['Dry Skin', 'Sand Veil', 'Solar Power']";"55";"Generator Pokémon";"62";"Heliolisk";"695";"electric"
"['Dry Skin', 'Sand Veil', 'Solar Power']";"38";"Generator Pokémon";"44";"Helioptile";"694";"electric"
"['Swarm', 'Guts', 'Moxie']";"185";"Singlehorn Pokémon";"80";"Heracross";"214";"bug"
"['Intimidate', 'Sand Rush', 'Scrappy']";"80";"Loyal Dog Pokémon";"65";"Herdier";"507";"normal"
"['Sand Stream', 'Sand Force']";"72";"Hippo Pokémon";"68";"Hippopotas";"449";"ground"
"['Sand Stream', 'Sand Force']";"112";"Heavyweight Pokémon";"108";"Hippowdon";"450";"ground"
"['Keen Eye', 'Iron Fist', 'Inner Focus']";"105";"Punching Pokémon";"50";"Hitmonchan";"107";"fighting"
"['Limber', 'Reckless', 'Unburden']";"120";"Kicking Pokémon";"50";"Hitmonlee";"106";"fighting"
"['Intimidate', 'Technician', 'Steadfast']";"95";"Handstand Pokémon";"50";"Hitmontop";"237";"fighting"
"['Pressure', 'Regenerator']";"130";"Rainbow Pokémon";"106";"Ho-Oh";"250";"fire"
"['Insomnia', 'Super Luck', 'Moxie']";"125";"Big Boss Pokémon";"100";"Honchkrow";"430";"dark"
"['No Guard']";"80";"Sword Pokémon";"45";"Honedge";"679";"steel"
"['Insomnia', 'Keen Eye', 'Tinted Lens']";"30";"Owl Pokémon";"60";"Hoothoot";"163";"normal"
"['Chlorophyll', 'Leaf Guard', 'Infiltrator']";"35";"Cottonweed Pokémon";"35";"Hoppip";"187";"grass"
"['Swift Swim', 'Sniper', 'Damp']";"40";"Dragon Pokémon";"30";"Horsea";"116";"water"
"['Early Bird', 'Flash Fire', 'Unnerve']";"90";"Dark Pokémon";"75";"Houndoom";"229";"dark"
"['Early Bird', 'Flash Fire', 'Unnerve']";"60";"Dark Pokémon";"45";"Houndour";"228";"dark"
"['Swift Swim', 'Water Veil']";"104";"Deep Sea Pokémon";"55";"Huntail";"367";"water"
"['Levitate']";"105";"Brutal Pokémon";"92";"Hydreigon";"635";"dark"
"['Insomnia', 'Forewarn', 'Inner Focus']";"73";"Hypnosis Pokémon";"85";"Hypno";"97";"psychic"
"['Cute Charm', 'Competitive', 'Friend Guard']";"30";"Balloon Pokémon";"90";"Igglybuff";"174";"normal"
"['Oblivious', 'Tinted Lens', 'Prankster']";"47";"Firefly Pokémon";"65";"Illumise";"314";"bug"
"['Blaze', 'Intimidate']";"115";"Heel Pokémon";"95";"Incineroar";"727";"fire"
"['Blaze', 'Iron Fist']";"104";"Flame Pokémon";"76";"Infernape";"392";"fire"
"['Contrary', 'Suction Cups', 'Infiltrator']";"54";"Revolving Pokémon";"53";"Inkay";"686";"dark"
"['Overgrow', 'Chlorophyll']";"62";"Seed Pokémon";"60";"Ivysaur";"2";"grass"
"['Bulletproof', 'Soundproof', 'Overcoat']";"55";"Scaly Pokémon";"45";"Jangmo-o";"782";"dragon"
"['Water Absorb', 'Cursed Body', 'Damp']";"60";"Floating Pokémon";"100";"Jellicent";"593";"water"
"['Cute Charm', 'Competitive', 'Friend Guard']";"45";"Balloon Pokémon";"115";"Jigglypuff";"39";"normal"
"['Serene Grace']";"100";"Wish Pokémon";"100";"Jirachi";"385";"steel"
"['Volt Absorb', 'Quick Feet']";"65";"Lightning Pokémon";"65";"Jolteon";"135";"electric"
"['Compoundeyes', 'Unnerve', 'Swarm']";"47";"Attaching Pokémon";"50";"Joltik";"595";"bug"
"['Chlorophyll', 'Leaf Guard', 'Infiltrator']";"55";"Cottonweed Pokémon";"75";"Jumpluff";"189";"grass"
"['Oblivious', 'Forewarn', 'Dry Skin']";"50";"Humanshape Pokémon";"65";"Jynx";"124";"ice"
"['Swift Swim', 'Battle Armor', 'Weak Armor']";"80";"Shellfish Pokémon";"30";"Kabuto";"140";"rock"
"['Swift Swim', 'Battle Armor', 'Weak Armor']";"115";"Shellfish Pokémon";"60";"Kabutops";"141";"rock"
"['Synchronize', 'Inner Focus', 'Magic Guard']";"35";"Psi Pokémon";"40";"Kadabra";"64";"psychic"
"['Shed Skin']";"25";"Cocoon Pokémon";"45";"Kakuna";"14";"bug"
"['Early Bird', 'Scrappy', 'Inner Focus']";"125";"Parent Pokémon";"105";"Kangaskhan";"115";"normal"
"['Swarm', 'Shed Skin', 'No Guard']";"75";"Clamping Pokémon";"50";"Karrablast";"588";"bug"
"['Beast Boost']";"181";"Drawn Sword Pokémon";"59";"Kartana";"798";"grass"
"['Color Change', 'Protean']";"90";"Color Swap Pokémon";"60";"Kecleon";"352";"normal"
"['Justified']";"72";"Colt Pokémon";"91";"Keldeo";"647";"water"
"['Swift Swim', 'Sniper', 'Damp']";"95";"Dragon Pokémon";"75";"Kingdra";"230";"water"
"['Hyper Cutter', 'Shell Armor', 'Sheer Force']";"130";"Pincer Pokémon";"55";"Kingler";"99";"water"
"['Synchronize', 'Trace', 'Telepathy']";"35";"Emotion Pokémon";"38";"Kirlia";"281";"psychic"
"['Plus', 'Minus', 'Clear Body']";"80";"Gear Pokémon";"60";"Klang";"600";"steel"
"['Prankster', 'Magician']";"80";"Key Ring Pokémon";"57";"Klefki";"707";"steel"
"['Plus', 'Minus', 'Clear Body']";"55";"Gear Pokémon";"40";"Klink";"599";"steel"
"['Plus', 'Minus', 'Clear Body']";"100";"Gear Pokémon";"60";"Klinklang";"601";"steel"
"['Levitate']";"65";"Poison Gas Pokémon";"40";"Koffing";"109";"poison"
"['Comatose']";"115";"Drowsing Pokémon";"65";"Komala";"775";"normal"
"['Bulletproof', 'Soundproof', 'Overcoat']";"110";"Scaly Pokémon";"75";"Kommo-o";"784";"dragon"
"['Hyper Cutter', 'Shell Armor', 'Sheer Force']";"105";"River Crab Pokémon";"30";"Krabby";"98";"water"
"['Shed Skin', 'Run Away']";"25";"Cricket Pokémon";"37";"Kricketot";"401";"bug"
"['Swarm', 'Technician']";"85";"Cricket Pokémon";"77";"Kricketune";"402";"bug"
"['Intimidate', 'Moxie', 'Anger Point']";"82";"Desert Croc Pokémon";"60";"Krokorok";"552";"ground"
"['Intimidate', 'Moxie', 'Anger Point']";"117";"Intimidation Pokémon";"95";"Krookodile";"553";"ground"
"['Drizzle']";"150";"Sea Basin Pokémon";"100";"Kyogre";"382";"water"
"['Pressure', 'Teravolt', 'Turboblaze']";"120";"Boundary Pokémon";"125";"Kyurem";"646";"dragon"
"['Sturdy', 'Rock Head', 'Heavy Metal']";"90";"Iron Armor Pokémon";"60";"Lairon";"305";"steel"
"['Flash Fire', 'Flame Body', 'Infiltrator']";"40";"Lamp Pokémon";"60";"Lampent";"608";"ghost"
"['Sand Force', 'Sheer Force', 'Intimidate']";"145";"Abundance Pokémon";"89";"Landorus";"645";"ground"
"['Volt Absorb', 'Illuminate', 'Water Absorb']";"58";"Light Pokémon";"125";"Lanturn";"171";"water"
"['Water Absorb', 'Shell Armor', 'Hydration']";"85";"Transport Pokémon";"130";"Lapras";"131";"water"
"['Flame Body', 'Swarm']";"85";"Torch Pokémon";"55";"Larvesta";"636";"bug"
"['Guts', 'Sand Veil']";"64";"Rock Skin Pokémon";"50";"Larvitar";"246";"rock"
"['Levitate']";"100";"Eon Pokémon";"80";"Latias";"380";"dragon"
"['Levitate']";"130";"Eon Pokémon";"80";"Latios";"381";"dragon"
"['Leaf Guard', 'Chlorophyll']";"110";"Verdant Pokémon";"65";"Leafeon";"470";"grass"
"['Swarm', 'Chlorophyll', 'Overcoat']";"103";"Nurturing Pokémon";"75";"Leavanny";"542";"bug"
"['Swarm', 'Early Bird', 'Iron Fist']";"35";"Five Star Pokémon";"55";"Ledian";"166";"bug"
"['Swarm', 'Early Bird', 'Rattled']";"20";"Five Star Pokémon";"40";"Ledyba";"165";"bug"
"['Own Tempo', 'Oblivious', 'Cloud Nine']";"85";"Licking Pokémon";"110";"Lickilicky";"463";"normal"
"['Own Tempo', 'Oblivious', 'Cloud Nine']";"55";"Licking Pokémon";"90";"Lickitung";"108";"normal"
"['Limber', 'Unburden', 'Prankster']";"88";"Cruel Pokémon";"64";"Liepard";"510";"dark"
"['Suction Cups', 'Storm Drain']";"41";"Sea Lily Pokémon";"66";"Lileep";"345";"rock"
"['Chlorophyll', 'Own Tempo', 'Leaf Guard']";"60";"Flowering Pokémon";"70";"Lilligant";"549";"grass"
"['Vital Spirit', 'Pickup', 'Run Away']";"60";"Puppy Pokémon";"45";"Lillipup";"506";"normal"
"['Pickup', 'Gluttony', 'Quick Feet']";"70";"Rush Pokémon";"78";"Linoone";"264";"normal"
"['Rivalry', 'Unnerve', 'Moxie']";"50";"Lion Cub Pokémon";"62";"Litleo";"667";"fire"
"['Blaze', 'Intimidate']";"65";"Fire Cat Pokémon";"45";"Litten";"725";"fire"
"['Flash Fire', 'Flame Body', 'Infiltrator']";"30";"Candle Pokémon";"50";"Litwick";"607";"ghost"
"['Swift Swim', 'Rain Dish', 'Own Tempo']";"50";"Jolly Pokémon";"60";"Lombre";"271";"water"
"['Cute Charm', 'Klutz', 'Limber']";"136";"Rabbit Pokémon";"65";"Lopunny";"428";"normal"
"['Swift Swim', 'Rain Dish', 'Own Tempo']";"30";"Water Weed Pokémon";"40";"Lotad";"270";"water"
"['Soundproof', 'Scrappy']";"71";"Big Voice Pokémon";"84";"Loudred";"294";"normal"
"['Steadfast', 'Inner Focus', 'Justified']";"145";"Aura Pokémon";"70";"Lucario";"448";"fighting"
"['Swift Swim', 'Rain Dish', 'Own Tempo']";"70";"Carefree Pokémon";"80";"Ludicolo";"272";"water"
"['Pressure', 'Multiscale']";"90";"Diving Pokémon";"106";"Lugia";"249";"psychic"
"['Swift Swim', 'Storm Drain', 'Water Veil']";"69";"Neon Pokémon";"69";"Lumineon";"457";"water"
"['Shadow Shield']";"113";"Moone Pokémon";"137";"Lunala";"792";"psychic"
"['Levitate']";"55";"Meteorite Pokémon";"90";"Lunatone";"337";"rock"
"['Leaf Guard', 'Contrary']";"105";"Bloom Sickle Pokémon";"70";"Lurantis";"754";"grass"
"['Swift Swim', 'Hydration']";"30";"Rendezvous Pokémon";"43";"Luvdisc";"370";"water"
"['Rivalry', 'Intimidate', 'Guts']";"85";"Spark Pokémon";"60";"Luxio";"404";"electric"
"['Rivalry', 'Intimidate', 'Guts']";"120";"Gleam Eyes Pokémon";"80";"Luxray";"405";"electric"
"['Guts', 'No Guard', 'Steadfast']";"130";"Superpower Pokémon";"90";"Machamp";"68";"fighting"
"['Guts', 'No Guard', 'Steadfast']";"100";"Superpower Pokémon";"80";"Machoke";"67";"fighting"
"['Guts', 'No Guard', 'Steadfast']";"80";"Superpower Pokémon";"70";"Machop";"66";"fighting"
"['Flame Body', 'Vital Spirit']";"75";"Live Coal Pokémon";"45";"Magby";"240";"fire"
"['Magma Armor', 'Flame Body', 'Weak Armor']";"50";"Lava Pokémon";"60";"Magcargo";"219";"fire"
"['Soul-Heart']";"95";"Artificial Pokémon";"80";"Magearna";"801";"steel"
"['Swift Swim', 'Rattled']";"10";"Fish Pokémon";"20";"Magikarp";"129";"water"
"['Flame Body', 'Vital Spirit']";"95";"Spitfire Pokémon";"65";"Magmar";"126";"fire"
"['Flame Body', 'Vital Spirit']";"95";"Blast Pokémon";"75";"Magmortar";"467";"fire"
"['Magnet Pull', 'Sturdy', 'Analytic']";"35";"Magnet Pokémon";"25";"Magnemite";"81";"electric"
"['Magnet Pull', 'Sturdy', 'Analytic']";"60";"Magnet Pokémon";"50";"Magneton";"82";"electric"
"['Magnet Pull', 'Sturdy', 'Analytic']";"70";"Magnet Area Pokémon";"70";"Magnezone";"462";"electric"
"['Thick Fat', 'Guts', 'Sheer Force']";"60";"Guts Pokémon";"72";"Makuhita";"296";"fighting"
"['Contrary', 'Suction Cups', 'Infiltrator']";"92";"Overturning Pokémon";"86";"Malamar";"687";"dark"
"['Oblivious', 'Snow Cloak', 'Thick Fat']";"130";"Twin Tusk Pokémon";"110";"Mamoswine";"473";"ice"
"['Hydration']";"100";"Seafaring Pokémon";"100";"Manaphy";"490";"water"
"['Big Pecks', 'Overcoat', 'Weak Armor']";"65";"Bone Vulture Pokémon";"110";"Mandibuzz";"630";"dark"
"['Static', 'Lightningrod', 'Minus']";"75";"Discharge Pokémon";"70";"Manectric";"310";"electric"
"['Vital Spirit', 'Anger Point', 'Defiant']";"80";"Pig Monkey Pokémon";"40";"Mankey";"56";"fighting"
"['Swift Swim', 'Water Absorb', 'Water Veil']";"40";"Kite Pokémon";"85";"Mantine";"226";"water"
"['Swift Swim', 'Water Absorb', 'Water Veil']";"20";"Kite Pokémon";"45";"Mantyke";"458";"water"
"['Water Absorb', 'Chlorophyll', 'Storm Drain']";"86";"Cactus Pokémon";"75";"Maractus";"556";"grass"
"['Merciless', 'Limber', 'Regenerator']";"53";"Brutal Star Pokémon";"50";"Mareanie";"747";"poison"
"['Static', 'Plus']";"40";"Wool Pokémon";"55";"Mareep";"179";"electric"
"['Thick Fat', 'Huge Power', 'Sap Sipper']";"20";"Aquamouse Pokémon";"70";"Marill";"183";"water"
"['Torrent', 'Damp']";"85";"Mud Fish Pokémon";"70";"Marshtomp";"259";"water"
"['Intimidate', 'Unnerve']";"60";"Eyeball Pokémon";"70";"Masquerain";"284";"bug"
"['Hyper Cutter', 'Intimidate', 'Sheer Force']";"105";"Deceiver Pokémon";"50";"Mawile";"303";"steel"
"['Pure Power', 'Telepathy']";"100";"Meditate Pokémon";"60";"Medicham";"308";"fighting"
"['Pure Power', 'Telepathy']";"40";"Meditate Pokémon";"30";"Meditite";"307";"fighting"
"['Overgrow', 'Leaf Guard']";"82";"Herb Pokémon";"80";"Meganium";"154";"grass"
"['Serene Grace']";"128";"Melody Pokémon";"100";"Meloetta";"648";"normal"
"['Keen Eye', 'Infiltrator', 'Prankster', 'Competitive']";"48";"Constraint Pokémon";"74";"Meowstic";"678";"psychic"
"['Levitate']";"105";"Emotion Pokémon";"80";"Mesprit";"481";"psychic"
"['Clear Body', 'Light Metal']";"145";"Iron Leg Pokémon";"80";"Metagross";"376";"steel"
"['Clear Body', 'Light Metal']";"75";"Iron Claw Pokémon";"60";"Metang";"375";"steel"
"['Shed Skin']";"20";"Cocoon Pokémon";"50";"Metapod";"11";"bug"
"['Synchronize']";"100";"New Species Pokémon";"100";"Mew";"151";"psychic"
"['Pressure', 'Unnerve']";"150";"Genetic Pokémon";"106";"Mewtwo";"150";"psychic"
"['Inner Focus', 'Regenerator', 'Reckless']";"85";"Martial Arts Pokémon";"45";"Mienfoo";"619";"fighting"
"['Inner Focus', 'Regenerator', 'Reckless']";"125";"Martial Arts Pokémon";"65";"Mienshao";"620";"fighting"
"['Intimidate', 'Quick Feet', 'Moxie']";"90";"Bite Pokémon";"70";"Mightyena";"262";"dark"
"['Marvel Scale', 'Competitive', 'Cute Charm']";"60";"Tender Pokémon";"95";"Milotic";"350";"water"
"['Thick Fat', 'Scrappy', 'Sap Sipper']";"80";"Milk Cow Pokémon";"95";"Miltank";"241";"normal"
"['Soundproof', 'Filter', 'Technician']";"25";"Mime Pokémon";"20";"Mime Jr.";"439";"psychic"
"['Disguise']";"90";"Disguise Pokémon";"55";"Mimikyu";"778";"ghost"
"['Cute Charm', 'Technician', 'Skill Link']";"50";"Chinchilla Pokémon";"55";"Minccino";"572";"normal"
"['Shields Down']";"100";"Meteor Pokémon";"60";"Minior";"774";"rock"
"['Minus', 'Volt Absorb']";"40";"Cheering Pokémon";"60";"Minun";"312";"electric"
"['Levitate']";"60";"Screech Pokémon";"60";"Misdreavus";"200";"ghost"
"['Levitate']";"60";"Magical Pokémon";"60";"Mismagius";"429";"ghost"
"['Pressure', 'Flame Body']";"100";"Flame Pokémon";"90";"Moltres";"146";"fire"
"['Blaze', 'Iron Fist']";"78";"Playful Pokémon";"64";"Monferno";"391";"fire"
"['Illuminate', 'Effect Spore', 'Rain Dish']";"35";"Illuminating Pokémon";"40";"Morelull";"755";"grass"
"['Swarm', 'Tinted Lens']";"94";"Moth Pokémon";"70";"Mothim";"414";"bug"
"['Soundproof', 'Filter', 'Technician']";"45";"Barrier Pokémon";"40";"Mr. Mime";"122";"psychic"
"['Own Tempo', 'Stamina', 'Inner Focus']";"100";"Donkey Pokémon";"70";"Mudbray";"749";"ground"
"['Torrent', 'Damp']";"70";"Mud Fish Pokémon";"50";"Mudkip";"258";"water"
"['Own Tempo', 'Stamina', 'Inner Focus']";"125";"Draft Horse Pokémon";"100";"Mudsdale";"750";"ground"
"['Pickup', 'Thick Fat', 'Gluttony']";"85";"Big Eater Pokémon";"135";"Munchlax";"446";"normal"
"['Forewarn', 'Synchronize', 'Telepathy']";"25";"Dream Eater Pokémon";"76";"Munna";"517";"psychic"
"['Insomnia', 'Super Luck', 'Prankster']";"85";"Darkness Pokémon";"60";"Murkrow";"198";"dark"
"['Forewarn', 'Synchronize', 'Telepathy']";"55";"Drowsing Pokémon";"116";"Musharna";"518";"psychic"
"['Synchronize', 'Early Bird', 'Magic Bounce']";"50";"Little Bird Pokémon";"40";"Natu";"177";"psychic"
"['Prism Armor']";"107";"Prism Pokémon";"97";"Necrozma";"800";"psychic"
"['Poison Point', 'Rivalry', 'Sheer Force']";"102";"Drill Pokémon";"81";"Nidoking";"34";"poison"
"['Poison Point', 'Rivalry', 'Sheer Force']";"92";"Drill Pokémon";"90";"Nidoqueen";"31";"poison"
"['Poison Point', 'Rivalry', 'Hustle']";"47";"Poison Pin Pokémon";"55";"Nidoran♀";"29";"poison"
"['Poison Point', 'Rivalry', 'Hustle']";"57";"Poison Pin Pokémon";"46";"Nidoran♂";"32";"poison"
"['Poison Point', 'Rivalry', 'Hustle']";"62";"Poison Pin Pokémon";"70";"Nidorina";"30";"poison"
"['Poison Point', 'Rivalry', 'Hustle']";"72";"Poison Pin Pokémon";"61";"Nidorino";"33";"poison"
"['Beast Boost']";"53";"Parasite Pokémon";"109";"Nihilego";"793";"rock"
"['Compoundeyes', 'Run Away']";"45";"Trainee Pokémon";"31";"Nincada";"290";"bug"
"['Speed Boost', 'Infiltrator']";"90";"Ninja Pokémon";"61";"Ninjask";"291";"bug"
"['Insomnia', 'Keen Eye', 'Tinted Lens']";"50";"Owl Pokémon";"100";"Noctowl";"164";"normal"
"['Frisk', 'Infiltrator', 'Telepathy']";"30";"Sound Wave Pokémon";"40";"Noibat";"714";"flying"
"['Frisk', 'Infiltrator', 'Telepathy']";"70";"Sound Wave Pokémon";"85";"Noivern";"715";"flying"
"['Sturdy', 'Magnet Pull', 'Sand Force']";"45";"Compass Pokémon";"30";"Nosepass";"299";"rock"
"['Oblivious', 'Simple', 'Own Tempo']";"60";"Numb Pokémon";"60";"Numel";"322";"fire"
"['Chlorophyll', 'Early Bird', 'Pickpocket']";"70";"Wily Pokémon";"70";"Nuzleaf";"274";"grass"
"['Suction Cups', 'Sniper', 'Moody']";"105";"Jet Pokémon";"75";"Octillery";"224";"water"
"['Chlorophyll', 'Run Away']";"50";"Weed Pokémon";"45";"Oddish";"43";"grass"
"['Swift Swim', 'Shell Armor', 'Weak Armor']";"40";"Spiral Pokémon";"35";"Omanyte";"138";"rock"
"['Swift Swim', 'Shell Armor', 'Weak Armor']";"60";"Spiral Pokémon";"70";"Omastar";"139";"rock"
"['Rock Head', 'Sturdy', 'Weak Armor']";"45";"Rock Snake Pokémon";"35";"Onix";"95";"rock"
"['Inner Focus', 'Telepathy', 'Symbiosis']";"60";"Sage Pokémon";"90";"Oranguru";"765";"normal"
"['Dancer']";"70";"Dancing Pokémon";"75";"Oricorio";"741";"fire"
"['Torrent', 'Shell Armor']";"55";"Sea Otter Pokémon";"55";"Oshawott";"501";"water"
"['Run Away', 'Pickup', 'Volt Absorb']";"45";"EleSquirrel Pokémon";"60";"Pachirisu";"417";"electric"
"['Pressure', 'Telepathy']";"120";"Spatial Pokémon";"90";"Palkia";"484";"water"
"['Water Compaction', 'Sand Veil']";"75";"Sand Castle Pokémon";"85";"Palossand";"770";"ghost"
"['Swift Swim', 'Hydration', 'Water Absorb']";"65";"Vibration Pokémon";"75";"Palpitoad";"536";"water"
"['Iron Fist', 'Mold Breaker', 'Scrappy']";"82";"Playful Pokémon";"67";"Pancham";"674";"fighting"
"['Iron Fist', 'Mold Breaker', 'Scrappy']";"124";"Daunting Pokémon";"95";"Pangoro";"675";"fighting"
"['Gluttony', 'Torrent']";"53";"Spray Pokémon";"50";"Panpour";"515";"water"
"['Gluttony', 'Overgrow']";"53";"Grass Monkey Pokémon";"50";"Pansage";"511";"grass"
"['Gluttony', 'Blaze']";"53";"High Temp Pokémon";"50";"Pansear";"513";"fire"
"['Effect Spore', 'Dry Skin', 'Damp']";"70";"Mushroom Pokémon";"35";"Paras";"46";"bug"
"['Effect Spore', 'Dry Skin', 'Damp']";"95";"Mushroom Pokémon";"60";"Parasect";"47";"bug"
"['Receiver', 'Defiant']";"120";"Teamwork Pokémon";"100";"Passimian";"766";"fighting"
"['Run Away', 'Keen Eye', 'Analytic']";"55";"Scout Pokémon";"45";"Patrat";"504";"normal"
"['Defiant', 'Inner Focus', 'Pressure']";"85";"Sharp Blade Pokémon";"45";"Pawniard";"624";"dark"
"['Keen Eye', 'Drizzle', 'Rain Dish']";"50";"Water Bird Pokémon";"60";"Pelipper";"279";"water"
"['Chlorophyll', 'Own Tempo', 'Leaf Guard']";"35";"Bulb Pokémon";"45";"Petilil";"548";"grass"
"['Pickup', 'Sand Veil']";"60";"Long Nose Pokémon";"90";"Phanpy";"231";"ground"
"['Natural Cure', 'Frisk', 'Harvest']";"70";"Stump Pokémon";"43";"Phantump";"708";"ghost"
"['Beast Boost']";"137";"Lissome Pokémon";"71";"Pheromosa";"795";"bug"
"['Hydration']";"80";"Sea Drifter Pokémon";"80";"Phione";"489";"water"
"['Static', 'Lightningrod']";"40";"Tiny Mouse Pokémon";"20";"Pichu";"172";"electric"
"['Keen Eye', 'Tangled Feet', 'Big Pecks']";"80";"Bird Pokémon";"83";"Pidgeot";"18";"normal"
"['Keen Eye', 'Tangled Feet', 'Big Pecks']";"60";"Bird Pokémon";"63";"Pidgeotto";"17";"normal"
"['Keen Eye', 'Tangled Feet', 'Big Pecks']";"45";"Tiny Bird Pokémon";"40";"Pidgey";"16";"normal"
"['Big Pecks', 'Super Luck', 'Rivalry']";"55";"Tiny Pigeon Pokémon";"50";"Pidove";"519";"normal"
"['Blaze', 'Thick Fat']";"93";"Fire Pig Pokémon";"90";"Pignite";"499";"fire"
"['Static', 'Lightningrod']";"55";"Mouse Pokémon";"35";"Pikachu";"25";"electric"
"['Keen Eye', 'Skill Link', 'Pickup']";"75";"Woodpecker Pokémon";"35";"Pikipek";"731";"normal"
"['Oblivious', 'Snow Cloak', 'Thick Fat']";"100";"Swine Pokémon";"100";"Piloswine";"221";"ice"
"['Sturdy', 'Overcoat']";"65";"Bagworm Pokémon";"50";"Pineco";"204";"bug"
"['Hyper Cutter', 'Mold Breaker', 'Moxie']";"155";"Stagbeetle Pokémon";"65";"Pinsir";"127";"bug"
"['Torrent', 'Defiant']";"51";"Penguin Pokémon";"53";"Piplup";"393";"water"
"['Plus', 'Lightningrod']";"50";"Cheering Pokémon";"60";"Plusle";"311";"electric"
"['Water Absorb', 'Damp', 'Drizzle']";"75";"Frog Pokémon";"90";"Politoed";"186";"water"
"['Water Absorb', 'Damp', 'Swift Swim']";"50";"Tadpole Pokémon";"40";"Poliwag";"60";"water"
"['Water Absorb', 'Damp', 'Swift Swim']";"65";"Tadpole Pokémon";"65";"Poliwhirl";"61";"water"
"['Water Absorb', 'Damp', 'Swift Swim']";"95";"Tadpole Pokémon";"90";"Poliwrath";"62";"water"
"['Run Away', 'Flash Fire', 'Flame Body']";"85";"Fire Horse Pokémon";"50";"Ponyta";"77";"fire"
"['Run Away', 'Quick Feet', 'Rattled']";"55";"Bite Pokémon";"35";"Poochyena";"261";"dark"
"['Torrent', 'Liquid Voice']";"54";"Sea Lion Pokémon";"50";"Popplio";"728";"water"
"['Trace', 'Download', 'Analytic']";"60";"Virtual Pokémon";"65";"Porygon";"137";"normal"
"['Adaptability', 'Download', 'Analytic']";"80";"Virtual Pokémon";"85";"Porygon-Z";"474";"normal"
"['Trace', 'Download', 'Analytic']";"80";"Virtual Pokémon";"85";"Porygon2";"233";"normal"
"['Torrent', 'Liquid Voice']";"74";"Soloist Pokémon";"80";"Primarina";"730";"water"
"['Vital Spirit', 'Anger Point', 'Defiant']";"105";"Pig Monkey Pokémon";"65";"Primeape";"57";"fighting"
"['Torrent', 'Defiant']";"66";"Penguin Pokémon";"64";"Prinplup";"394";"water"
"['Sturdy', 'Magnet Pull', 'Sand Force']";"55";"Compass Pokémon";"60";"Probopass";"476";"rock"
"['Damp', 'Cloud Nine', 'Swift Swim']";"52";"Duck Pokémon";"50";"Psyduck";"54";"water"
"['Pickup', 'Frisk', 'Insomnia']";"66";"Pumpkin Pokémon";"59";"Pumpkaboo";"710";"ghost"
"['Shed Skin']";"84";"Hard Shell Pokémon";"70";"Pupitar";"247";"rock"
"['Limber', 'Unburden', 'Prankster']";"50";"Devious Pokémon";"41";"Purrloin";"509";"dark"
"['Thick Fat', 'Own Tempo', 'Defiant']";"82";"Tiger Cat Pokémon";"71";"Purugly";"432";"normal"
"['Rivalry', 'Unnerve', 'Moxie']";"68";"Royal Pokémon";"86";"Pyroar";"668";"fire"
"['Innards Out', 'Unaware']";"60";"Sea Cucumber Pokémon";"55";"Pyukumuku";"771";"water"
"['Damp', 'Water Absorb', 'Unaware']";"85";"Water Fish Pokémon";"95";"Quagsire";"195";"water"
"['Blaze', 'Flash Fire']";"64";"Volcano Pokémon";"58";"Quilava";"156";"fire"
"['Overgrow', 'Bulletproof']";"78";"Spiny Armor Pokémon";"61";"Quilladin";"651";"grass"
"['Poison Point', 'Swift Swim', 'Intimidate']";"95";"Balloon Pokémon";"65";"Qwilfish";"211";"water"
"['Pressure', 'Inner Focus']";"85";"Thunder Pokémon";"90";"Raikou";"243";"electric"
"['Synchronize', 'Trace', 'Telepathy']";"25";"Feeling Pokémon";"28";"Ralts";"280";"psychic"
"['Mold Breaker', 'Sheer Force']";"165";"Head Butt Pokémon";"97";"Rampardos";"409";"rock"
"['Run Away', 'Flash Fire', 'Flame Body']";"100";"Fire Horse Pokémon";"65";"Rapidash";"78";"fire"
"['Air Lock']";"180";"Sky High Pokémon";"105";"Rayquaza";"384";"dragon"
"['Clear Body', 'Ice Body']";"50";"Iceberg Pokémon";"80";"Regice";"378";"ice"
"['Slow Start']";"160";"Colossal Pokémon";"110";"Regigigas";"486";"normal"
"['Clear Body', 'Sturdy']";"100";"Rock Peak Pokémon";"80";"Regirock";"377";"rock"
"['Clear Body', 'Light Metal']";"75";"Iron Pokémon";"80";"Registeel";"379";"steel"
"['Swift Swim', 'Rock Head', 'Sturdy']";"90";"Longevity Pokémon";"100";"Relicanth";"369";"water"
"['Hustle', 'Sniper', 'Moody']";"65";"Jet Pokémon";"35";"Remoraid";"223";"water"
"['Turboblaze']";"120";"Vast White Pokémon";"100";"Reshiram";"643";"dragon"
"['Overcoat', 'Magic Guard', 'Regenerator']";"65";"Multiplying Pokémon";"110";"Reuniclus";"579";"psychic"
"['Lightningrod', 'Rock Head', 'Reckless']";"130";"Drill Pokémon";"105";"Rhydon";"112";"ground"
"['Lightningrod', 'Rock Head', 'Reckless']";"85";"Spikes Pokémon";"80";"Rhyhorn";"111";"ground"
"['Lightningrod', 'Solid Rock', 'Reckless']";"140";"Drill Pokémon";"115";"Rhyperior";"464";"ground"
"['Honey Gather', 'Shield Dust', 'Sweet Veil']";"55";"Bee Fly Pokémon";"60";"Ribombee";"743";"bug"
"['Steadfast', 'Inner Focus', 'Prankster']";"70";"Emanation Pokémon";"40";"Riolu";"447";"fighting"
"['Keen Eye', 'Vital Spirit', 'Steadfast']";"65";"Puppy Pokémon";"45";"Rockruff";"744";"rock"
"['Sturdy', 'Weak Armor', 'Sand Force']";"75";"Mantle Pokémon";"55";"Roggenrola";"524";"rock"
"['Natural Cure', 'Poison Point', 'Leaf Guard']";"60";"Thorn Pokémon";"50";"Roselia";"315";"grass"
"['Natural Cure', 'Poison Point', 'Technician']";"70";"Bouquet Pokémon";"60";"Roserade";"407";"grass"
"['Levitate']";"65";"Plasma Pokémon";"50";"Rotom";"479";"electric"
"['Overgrow', 'Long Reach']";"55";"Grass Quill Pokémon";"68";"Rowlet";"722";"grass"
"['Keen Eye', 'Sheer Force', 'Hustle']";"83";"Eaglet Pokémon";"70";"Rufflet";"627";"normal"
"['Keen Eye', 'Stall', 'Prankster']";"85";"Darkness Pokémon";"50";"Sableye";"302";"dark"
"['Intimidate', 'Moxie']";"145";"Dragon Pokémon";"95";"Salamence";"373";"dragon"
"['Corrosion', 'Oblivious']";"44";"Toxic Lizard Pokémon";"48";"Salandit";"757";"poison"
"['Corrosion', 'Oblivious']";"64";"Toxic Lizard Pokémon";"68";"Salazzle";"758";"poison"
"['Torrent', 'Shell Armor']";"100";"Formidable Pokémon";"95";"Samurott";"503";"water"
"['Intimidate', 'Moxie', 'Anger Point']";"72";"Desert Croc Pokémon";"50";"Sandile";"551";"ground"
"['Water Compaction', 'Sand Veil']";"55";"Sand Heap Pokémon";"55";"Sandygast";"769";"ghost"
"['Sturdy', 'Inner Focus', 'Mold Breaker']";"125";"Karate Pokémon";"75";"Sawk";"539";"fighting"
"['Chlorophyll', 'Sap Sipper', 'Serene Grace']";"100";"Season Pokémon";"80";"Sawsbuck";"586";"normal"
"['Shield Dust', 'Compoundeyes', 'Friend Guard']";"35";"Scatterdust Pokémon";"38";"Scatterbug";"664";"bug"
"['Overgrow', 'Unburden']";"110";"Forest Pokémon";"70";"Sceptile";"254";"grass"
"['Swarm', 'Technician', 'Light Metal']";"150";"Pincer Pokémon";"70";"Scizor";"212";"bug"
"['Poison Point', 'Swarm', 'Speed Boost']";"100";"Megapede Pokémon";"60";"Scolipede";"545";"bug"
"['Shed Skin', 'Moxie', 'Intimidate']";"90";"Hoodlum Pokémon";"65";"Scrafty";"560";"dark"
"['Shed Skin', 'Moxie', 'Intimidate']";"75";"Shedding Pokémon";"50";"Scraggy";"559";"dark"
"['Swarm', 'Technician', 'Steadfast']";"110";"Mantis Pokémon";"70";"Scyther";"123";"bug"
"['Poison Point', 'Sniper', 'Damp']";"65";"Dragon Pokémon";"55";"Seadra";"117";"water"
"['Swift Swim', 'Water Veil', 'Lightningrod']";"92";"Goldfish Pokémon";"80";"Seaking";"119";"water"
"['Thick Fat', 'Ice Body', 'Oblivious']";"60";"Ball Roll Pokémon";"90";"Sealeo";"364";"ice"
"['Chlorophyll', 'Early Bird', 'Pickpocket']";"40";"Acorn Pokémon";"40";"Seedot";"273";"grass"
"['Thick Fat', 'Hydration', 'Ice Body']";"45";"Sea Lion Pokémon";"65";"Seel";"86";"water"
"['Swift Swim', 'Poison Touch', 'Water Absorb']";"95";"Vibration Pokémon";"105";"Seismitoad";"537";"water"
"['Run Away', 'Keen Eye', 'Frisk']";"46";"Scout Pokémon";"35";"Sentret";"161";"normal"
"['Overgrow', 'Contrary']";"75";"Regal Pokémon";"75";"Serperior";"497";"grass"
"['Overgrow', 'Contrary']";"60";"Grass Snake Pokémon";"60";"Servine";"496";"grass"
"['Shed Skin', 'Infiltrator']";"100";"Fang Snake Pokémon";"73";"Seviper";"336";"poison"
"['Swarm', 'Chlorophyll', 'Overcoat']";"53";"Sewing Pokémon";"45";"Sewaddle";"540";"bug"
"['Rough Skin', 'Speed Boost']";"140";"Brutal Pokémon";"70";"Sharpedo";"319";"water"
"['Natural Cure', 'Serene Grace']";"103";"Gratitude Pokémon";"100";"Shaymin";"492";"grass"
"['Wonder Guard']";"90";"Shed Pokémon";"1";"Shedinja";"292";"bug"
"['Rock Head', 'Overcoat']";"95";"Endurance Pokémon";"65";"Shelgon";"372";"dragon"
"['Shell Armor', 'Skill Link', 'Overcoat']";"65";"Bivalve Pokémon";"30";"Shellder";"90";"water"
"['Sticky Hold', 'Storm Drain', 'Sand Force']";"48";"Sea Slug Pokémon";"76";"Shellos";"422";"water"
"['Hydration', 'Shell Armor', 'Overcoat']";"40";"Snail Pokémon";"50";"Shelmet";"616";"bug"
"['Sturdy', 'Soundproof']";"42";"Shield Pokémon";"30";"Shieldon";"410";"rock"
"['Chlorophyll', 'Early Bird', 'Pickpocket']";"100";"Wickid Pokémon";"90";"Shiftry";"275";"grass"
"['Illuminate', 'Effect Spore', 'Rain Dish']";"45";"Illuminating Pokémon";"60";"Shiinotic";"756";"grass"
"['Rivalry', 'Intimidate', 'Guts']";"65";"Flash Pokémon";"45";"Shinx";"403";"electric"
"['Effect Spore', 'Poison Heal', 'Quick Feet']";"40";"Mushroom Pokémon";"60";"Shroomish";"285";"grass"
"['Sturdy', 'Gluttony', 'Contrary']";"10";"Mold Pokémon";"20";"Shuckle";"213";"bug"
"['Insomnia', 'Frisk', 'Cursed Body']";"75";"Puppet Pokémon";"44";"Shuppet";"353";"ghost"
"['Wonder Skin ', 'Magic Guard', 'Tinted Lens']";"58";"Avianoid Pokémon";"72";"Sigilyph";"561";"psychic"
"['Shed Skin']";"35";"Cocoon Pokémon";"50";"Silcoon";"266";"bug"
"['RKS System']";"95";"Synthetic Pokémon";"95";"Silvally";"773";"normal"
"['Gluttony', 'Torrent']";"98";"Geyser Pokémon";"75";"Simipour";"516";"water"
"['Gluttony', 'Overgrow']";"98";"Thorn Monkey Pokémon";"75";"Simisage";"512";"grass"
"['Gluttony', 'Blaze']";"98";"Ember Pokémon";"75";"Simisear";"514";"fire"
"['Keen Eye', 'Sturdy', 'Weak Armor']";"80";"Armor Bird Pokémon";"65";"Skarmory";"227";"steel"
"['Sap Sipper', 'Grass Pelt']";"65";"Mount Pokémon";"66";"Skiddo";"672";"grass"
"['Chlorophyll', 'Leaf Guard', 'Infiltrator']";"45";"Cottonweed Pokémon";"55";"Skiploom";"188";"grass"
"['Cute Charm', 'Normalize', 'Wonder Skin ']";"45";"Kitten Pokémon";"50";"Skitty";"300";"normal"
"['Battle Armor', 'Sniper', 'Keen Eye']";"50";"Scorpion Pokémon";"40";"Skorupi";"451";"poison"
"['Poison Point', 'Poison Touch', 'Adaptability']";"60";"Mock Kelp Pokémon";"50";"Skrelp";"690";"poison"
"['Stench', 'Aftermath', 'Keen Eye']";"93";"Skunk Pokémon";"103";"Skuntank";"435";"poison"
"['Truant']";"160";"Lazy Pokémon";"150";"Slaking";"289";"normal"
"['Truant']";"60";"Slacker Pokémon";"60";"Slakoth";"287";"normal"
"['Sap Sipper', 'Hydration', 'Gooey']";"75";"Soft Tissue Pokémon";"68";"Sliggoo";"705";"dragon"
"['Oblivious', 'Own Tempo', 'Regenerator']";"75";"Hermit Crab Pokémon";"95";"Slowbro";"80";"water"
"['Oblivious', 'Own Tempo', 'Regenerator']";"75";"Royal Pokémon";"95";"Slowking";"199";"water"
"['Oblivious', 'Own Tempo', 'Regenerator']";"65";"Dopey Pokémon";"90";"Slowpoke";"79";"water"
"['Magma Armor', 'Flame Body', 'Weak Armor']";"40";"Lava Pokémon";"40";"Slugma";"218";"fire"
"['Sweet Veil', 'Unburden']";"80";"Meringue Pokémon";"82";"Slurpuff";"685";"fairy"
"['Own Tempo', 'Technician', 'Moody']";"20";"Painter Pokémon";"55";"Smeargle";"235";"normal"
"['Oblivious', 'Forewarn', 'Hydration']";"30";"Kiss Pokémon";"45";"Smoochum";"238";"ice"
"['Inner Focus', 'Keen Eye', 'Pickpocket']";"95";"Sharp Claw Pokémon";"55";"Sneasel";"215";"dark"
"['Overgrow', 'Contrary']";"45";"Grass Snake Pokémon";"45";"Snivy";"495";"grass"
"['Immunity', 'Thick Fat', 'Gluttony']";"110";"Sleeping Pokémon";"160";"Snorlax";"143";"normal"
"['Inner Focus', 'Ice Body', 'Moody']";"50";"Snow Hat Pokémon";"50";"Snorunt";"361";"ice"
"['Snow Warning', 'Soundproof']";"62";"Frosted Tree Pokémon";"60";"Snover";"459";"grass"
"['Intimidate', 'Run Away', 'Rattled']";"80";"Fairy Pokémon";"60";"Snubbull";"209";"fairy"
"['Full Metal Body']";"137";"Sunne Pokémon";"137";"Solgaleo";"791";"psychic"
"['Overcoat', 'Magic Guard', 'Regenerator']";"30";"Cell Pokémon";"45";"Solosis";"577";"psychic"
"['Levitate']";"95";"Meteorite Pokémon";"90";"Solrock";"338";"rock"
"['Keen Eye', 'Sniper']";"60";"Tiny Bird Pokémon";"40";"Spearow";"21";"normal"
"['Shed Skin', 'Friend Guard']";"22";"Scatterdust Pokémon";"45";"Spewpa";"665";"bug"
"['Thick Fat', 'Ice Body', 'Oblivious']";"40";"Clap Pokémon";"70";"Spheal";"363";"ice"
"['Swarm', 'Insomnia', 'Sniper']";"60";"String Spit Pokémon";"40";"Spinarak";"167";"bug"
"['Own Tempo', 'Tangled Feet', 'Contrary']";"60";"Spot Panda Pokémon";"60";"Spinda";"327";"normal"
"['Pressure', 'Infiltrator']";"92";"Forbidden Pokémon";"50";"Spiritomb";"442";"ghost"
"['Thick Fat', 'Own Tempo', 'Gluttony']";"25";"Bounce Pokémon";"60";"Spoink";"325";"psychic"
"['Healer', 'Aroma Veil']";"52";"Perfume Pokémon";"78";"Spritzee";"682";"fairy"
"['Torrent', 'Rain Dish']";"48";"Tiny Turtle Pokémon";"44";"Squirtle";"7";"water"
"['Intimidate', 'Frisk', 'Sap Sipper']";"95";"Big Horn Pokémon";"73";"Stantler";"234";"normal"
"['Intimidate', 'Reckless']";"120";"Predator Pokémon";"85";"Staraptor";"398";"normal"
"['Intimidate', 'Reckless']";"75";"Starling Pokémon";"55";"Staravia";"397";"normal"
"['Keen Eye', 'Reckless']";"55";"Starling Pokémon";"40";"Starly";"396";"normal"
"['Illuminate', 'Natural Cure', 'Analytic']";"75";"Mysterious Pokémon";"60";"Starmie";"121";"water"
"['Illuminate', 'Natural Cure', 'Analytic']";"45";"Starshape Pokémon";"30";"Staryu";"120";"water"
"['Rock Head', 'Sturdy', 'Sheer Force']";"125";"Iron Snake Pokémon";"75";"Steelix";"208";"steel"
"['Leaf Guard', 'Oblivious', 'Sweet Veil']";"40";"Fruit Pokémon";"52";"Steenee";"762";"grass"
"['Intimidate', 'Sand Rush', 'Scrappy']";"110";"Big-Hearted Pokémon";"85";"Stoutland";"508";"normal"
"['Fluffy', 'Klutz', 'Cute Charm']";"75";"Flailing Pokémon";"70";"Stufful";"759";"normal"
"['Static', 'Limber', 'Sand Veil']";"66";"Trap Pokémon";"109";"Stunfisk";"618";"ground"
"['Stench', 'Aftermath', 'Keen Eye']";"63";"Skunk Pokémon";"63";"Stunky";"434";"poison"
"['Sturdy', 'Rock Head', 'Rattled']";"100";"Imitation Pokémon";"70";"Sudowoodo";"185";"rock"
"['Pressure', 'Inner Focus']";"75";"Aurora Pokémon";"100";"Suicune";"245";"water"
"['Chlorophyll', 'Solar Power', 'Early Bird']";"75";"Sun Pokémon";"75";"Sunflora";"192";"grass"
"['Chlorophyll', 'Solar Power', 'Early Bird']";"30";"Seed Pokémon";"30";"Sunkern";"191";"grass"
"['Swift Swim', 'Rain Dish']";"30";"Pond Skater Pokémon";"40";"Surskit";"283";"bug"
"['Natural Cure', 'Cloud Nine']";"40";"Cotton Bird Pokémon";"45";"Swablu";"333";"normal"
"['Leaf Guard', 'Chlorophyll', 'Overcoat']";"63";"Leaf-Wrapped Pokémon";"55";"Swadloon";"541";"bug"
"['Liquid Ooze', 'Sticky Hold', 'Gluttony']";"73";"Poison Bag Pokémon";"100";"Swalot";"317";"poison"
"['Torrent', 'Damp']";"150";"Mud Fish Pokémon";"100";"Swampert";"260";"water"
"['Keen Eye', 'Big Pecks', 'Hydration']";"87";"White Bird Pokémon";"75";"Swanna";"581";"water"
"['Guts', 'Scrappy']";"85";"Swallow Pokémon";"60";"Swellow";"277";"normal"
"['Oblivious', 'Snow Cloak', 'Thick Fat']";"50";"Pig Pokémon";"50";"Swinub";"220";"ice"
"['Sweet Veil', 'Unburden']";"48";"Cotton Candy Pokémon";"62";"Swirlix";"684";"fairy"
"['Unaware', 'Klutz', 'Simple']";"57";"Courting Pokémon";"67";"Swoobat";"528";"psychic"
"['Cute Charm', 'Pixilate']";"65";"Intertwining Pokémon";"95";"Sylveon";"700";"fairy"
"['Guts', 'Scrappy']";"55";"TinySwallow Pokémon";"40";"Taillow";"276";"normal"
"['Flame Body', 'Gale Wings']";"81";"Scorching Pokémon";"78";"Talonflame";"663";"fire"
"['Chlorophyll', 'Leaf Guard', 'Regenerator']";"55";"Vine Pokémon";"65";"Tangela";"114";"grass"
"['Chlorophyll', 'Leaf Guard', 'Regenerator']";"100";"Vine Pokémon";"100";"Tangrowth";"465";"grass"
"['Grassy Surge', 'Telepathy']";"130";"Land Spirit Pokémon";"70";"Tapu Bulu";"787";"grass"
"['Misty Surge', 'Telepathy']";"75";"Land Spirit Pokémon";"70";"Tapu Fini";"788";"water"
"['Electric Surge', 'Telepathy']";"115";"Land Spirit Pokémon";"70";"Tapu Koko";"785";"electric"
"['Psychic Surge', 'Telepathy']";"85";"Land Spirit Pokémon";"70";"Tapu Lele";"786";"psychic"
"['Intimidate', 'Anger Point', 'Sheer Force']";"100";"Wild Bull Pokémon";"75";"Tauros";"128";"normal"
"['Pickup', 'Quick Feet', 'Honey Gather']";"80";"Little Bear Pokémon";"60";"Teddiursa";"216";"normal"
"['Clear Body', 'Liquid Ooze', 'Rain Dish']";"40";"Jellyfish Pokémon";"40";"Tentacool";"72";"water"
"['Clear Body', 'Liquid Ooze', 'Rain Dish']";"70";"Jellyfish Pokémon";"80";"Tentacruel";"73";"water"
"['Blaze', 'Thick Fat']";"63";"Fire Pig Pokémon";"65";"Tepig";"498";"fire"
"['Justified']";"129";"Cavern Pokémon";"91";"Terrakion";"639";"rock"
"['Guts', 'Inner Focus', 'Mold Breaker']";"100";"Judo Pokémon";"120";"Throh";"538";"fighting"
"['Prankster', 'Defiant', 'Volt Absorb']";"105";"Bolt Strike Pokémon";"79";"Thundurus";"642";"electric"
"['Guts', 'Sheer Force', 'Iron Fist']";"80";"Muscular Pokémon";"75";"Timburr";"532";"fighting"
"['Solid Rock', 'Sturdy', 'Swift Swim']";"78";"Prototurtle Pokémon";"54";"Tirtouga";"564";"water"
"['Iron Barbs', 'Lightningrod', 'Sturdy']";"98";"Roly-Poly Pokémon";"65";"Togedemaru";"777";"electric"
"['Hustle', 'Serene Grace', 'Super Luck']";"50";"Jubilee Pokémon";"85";"Togekiss";"468";"fairy"
"['Hustle', 'Serene Grace', 'Super Luck']";"20";"Spike Ball Pokémon";"35";"Togepi";"175";"fairy"
"['Hustle', 'Serene Grace', 'Super Luck']";"40";"Happiness Pokémon";"55";"Togetic";"176";"fairy"
"['Blaze', 'Speed Boost']";"60";"Chick Pokémon";"45";"Torchic";"255";"fire"
"['White Smoke', 'Drought', 'Shell Armor']";"85";"Coal Pokémon";"70";"Torkoal";"324";"fire"
"['Prankster', 'Defiant', 'Regenerator']";"100";"Cyclone Pokémon";"79";"Tornadus";"641";"flying"
"['Blaze', 'Intimidate']";"85";"Fire Cat Pokémon";"65";"Torracat";"726";"fire"
"['Overgrow', 'Shell Armor']";"109";"Continent Pokémon";"95";"Torterra";"389";"grass"
"['Torrent', 'Sheer Force']";"65";"Big Jaw Pokémon";"50";"Totodile";"158";"water"
"['Keen Eye', 'Skill Link', 'Sheer Force']";"120";"Cannon Pokémon";"80";"Toucannon";"733";"normal"
"['Merciless', 'Limber', 'Regenerator']";"63";"Brutal Star Pokémon";"50";"Toxapex";"748";"poison"
"['Anticipation', 'Dry Skin', 'Poison Touch']";"106";"Toxic Mouth Pokémon";"83";"Toxicroak";"454";"poison"
"['Big Pecks', 'Super Luck', 'Rivalry']";"77";"Wild Pigeon Pokémon";"62";"Tranquill";"520";"normal"
"['Hyper Cutter', 'Arena Trap', 'Sheer Force']";"100";"Ant Pit Pokémon";"45";"Trapinch";"328";"ground"
"['Overgrow', 'Unburden']";"45";"Wood Gecko Pokémon";"40";"Treecko";"252";"grass"
"['Natural Cure', 'Frisk', 'Harvest']";"110";"Elder Tree Pokémon";"85";"Trevenant";"709";"ghost"
"['Chlorophyll', 'Solar Power', 'Harvest']";"68";"Fruit Pokémon";"99";"Tropius";"357";"grass"
"['Stench', 'Sticky Hold', 'Aftermath']";"50";"Trash Bag Pokémon";"50";"Trubbish";"568";"poison"
"['Keen Eye', 'Skill Link', 'Pickup']";"85";"Bugle Beak Pokémon";"55";"Trumbeak";"732";"normal"
"['Leaf Guard', 'Queenly Majesty', 'Sweet Veil']";"120";"Fruit Pokémon";"72";"Tsareena";"763";"grass"
"['Shell Armor']";"78";"Blast Turtle Pokémon";"60";"Turtonator";"776";"fire"
"['Overgrow', 'Shell Armor']";"68";"Tiny Leaf Pokémon";"55";"Turtwig";"387";"grass"
"['Swift Swim', 'Hydration', 'Water Absorb']";"50";"Tadpole Pokémon";"50";"Tympole";"535";"water"
"['Levitate']";"55";"EleFish Pokémon";"35";"Tynamo";"602";"electric"
"['Battle Armor']";"95";"Synthetic Pokémon";"95";"Type: Null";"772";"normal"
"['Blaze', 'Flash Fire']";"84";"Volcano Pokémon";"78";"Typhlosion";"157";"fire"
"['Sand Stream', 'Unnerve']";"164";"Armor Pokémon";"100";"Tyranitar";"248";"rock"
"['Strong Jaw', 'Rock Head']";"121";"Despot Pokémon";"82";"Tyrantrum";"697";"rock"
"['Guts', 'Steadfast', 'Vital Spirit']";"35";"Scuffle Pokémon";"35";"Tyrogue";"236";"fighting"
"['Strong Jaw', 'Sturdy']";"89";"Royal Heir Pokémon";"58";"Tyrunt";"696";"rock"
"['Synchronize', 'Inner Focus']";"65";"Moonlight Pokémon";"95";"Umbreon";"197";"dark"
"['Big Pecks', 'Super Luck', 'Rivalry']";"115";"Proud Pokémon";"80";"Unfezant";"521";"normal"
"['Levitate']";"72";"Symbol Pokémon";"48";"Unown";"201";"psychic"
"['Guts', 'Quick Feet', 'Unnerve']";"130";"Hibernator Pokémon";"90";"Ursaring";"217";"normal"
"['Levitate']";"75";"Knowledge Pokémon";"75";"Uxie";"480";"psychic"
"['Ice Body', 'Snow Cloak', 'Weak Armor']";"65";"Icy Snow Pokémon";"51";"Vanillish";"583";"ice"
"['Ice Body', 'Snow Cloak', 'Weak Armor']";"50";"Fresh Snow Pokémon";"36";"Vanillite";"582";"ice"
"['Ice Body', 'Snow Warning', 'Weak Armor']";"95";"Snowstorm Pokémon";"71";"Vanilluxe";"584";"ice"
"['Water Absorb', 'Hydration']";"65";"Bubble Jet Pokémon";"130";"Vaporeon";"134";"water"
"['Poison Point', 'Swarm', 'Speed Boost']";"45";"Centipede Pokémon";"30";"Venipede";"543";"bug"
"['Shield Dust', 'Tinted Lens', 'Wonder Skin ']";"65";"Poison Moth Pokémon";"70";"Venomoth";"49";"bug"
"['Compoundeyes', 'Tinted Lens', 'Run Away']";"55";"Insect Pokémon";"60";"Venonat";"48";"bug"
"['Overgrow', 'Chlorophyll']";"100";"Seed Pokémon";"80";"Venusaur";"3";"grass"
"['Pressure', 'Unnerve']";"80";"Beehive Pokémon";"70";"Vespiquen";"416";"bug"
"['Levitate']";"70";"Vibration Pokémon";"50";"Vibrava";"329";"ground"
"['Victory Star']";"100";"Victory Pokémon";"100";"Victini";"494";"psychic"
"['Chlorophyll', 'Gluttony']";"105";"Flycatcher Pokémon";"80";"Victreebel";"71";"grass"
"['Vital Spirit']";"80";"Wild Monkey Pokémon";"80";"Vigoroth";"288";"normal"
"['Levitate']";"70";"Stag Beetle Pokémon";"77";"Vikavolt";"738";"bug"
"['Chlorophyll', 'Effect Spore']";"80";"Flower Pokémon";"75";"Vileplume";"45";"grass"
"['Justified']";"90";"Grassland Pokémon";"91";"Virizion";"640";"grass"
"['Shield Dust', 'Compoundeyes', 'Friend Guard']";"52";"Scale Pokémon";"80";"Vivillon";"666";"bug"
"['Illuminate', 'Swarm', 'Prankster']";"73";"Firefly Pokémon";"65";"Volbeat";"313";"bug"
"['Water Absorb']";"110";"Steam Pokémon";"80";"Volcanion";"721";"fire"
"['Flame Body', 'Swarm']";"60";"Sun Pokémon";"85";"Volcarona";"637";"bug"
"['Soundproof', 'Static', 'Aftermath']";"30";"Ball Pokémon";"40";"Voltorb";"100";"electric"
"['Big Pecks', 'Overcoat', 'Weak Armor']";"55";"Diapered Pokémon";"70";"Vullaby";"629";"dark"
"['Water Veil', 'Oblivious', 'Pressure']";"70";"Ball Whale Pokémon";"130";"Wailmer";"320";"water"
"['Water Veil', 'Oblivious', 'Pressure']";"90";"Float Whale Pokémon";"170";"Wailord";"321";"water"
"['Thick Fat', 'Ice Body', 'Oblivious']";"80";"Ice Break Pokémon";"110";"Walrein";"365";"ice"
"['Torrent', 'Rain Dish']";"63";"Turtle Pokémon";"59";"Wartortle";"8";"water"
"['Illuminate', 'Keen Eye', 'Analytic']";"85";"Lookout Pokémon";"60";"Watchog";"505";"normal"
"['Pressure', 'Pickpocket']";"120";"Sharp Claw Pokémon";"70";"Weavile";"461";"dark"
"['Shield Dust', 'Run Away']";"35";"Hairy Pokémon";"40";"Weedle";"13";"bug"
"['Chlorophyll', 'Gluttony']";"90";"Flycatcher Pokémon";"65";"Weepinbell";"70";"grass"
"['Levitate']";"90";"Poison Gas Pokémon";"65";"Weezing";"110";"poison"
"['Prankster', 'Infiltrator', 'Chlorophyll']";"67";"Windveiled Pokémon";"60";"Whimsicott";"547";"grass"
"['Poison Point', 'Swarm', 'Speed Boost']";"55";"Curlipede Pokémon";"40";"Whirlipede";"544";"bug"
"['Oblivious', 'Anticipation', 'Hydration']";"78";"Whiskers Pokémon";"110";"Whiscash";"340";"water"
"['Soundproof', 'Rattled']";"51";"Whisper Pokémon";"64";"Whismur";"293";"normal"
"['Cute Charm', 'Competitive', 'Frisk']";"70";"Balloon Pokémon";"140";"Wigglytuff";"40";"normal"
"['Wimp Out']";"35";"Turn Tail Pokémon";"25";"Wimpod";"767";"bug"
"['Keen Eye', 'Hydration', 'Rain Dish']";"30";"Seagull Pokémon";"40";"Wingull";"278";"water"
"['Schooling']";"140";"Small Fry Pokémon";"45";"Wishiwashi";"746";"water"
"['Shadow Tag', 'Telepathy']";"33";"Patient Pokémon";"190";"Wobbuffet";"202";"psychic"
"['Unaware', 'Klutz', 'Simple']";"45";"Bat Pokémon";"65";"Woobat";"527";"psychic"
"['Damp', 'Water Absorb', 'Unaware']";"45";"Water Fish Pokémon";"55";"Wooper";"194";"water"
"['Anticipation', 'Overcoat']";"69";"Bagworm Pokémon";"60";"Wormadam";"413";"bug"
"['Shield Dust', 'Run Away']";"45";"Worm Pokémon";"45";"Wurmple";"265";"bug"
"['Shadow Tag', 'Telepathy']";"23";"Bright Pokémon";"95";"Wynaut";"360";"psychic"
"['Synchronize', 'Early Bird', 'Magic Bounce']";"75";"Mystic Pokémon";"65";"Xatu";"178";"psychic"
"['Fairy Aura']";"131";"Life Pokémon";"126";"Xerneas";"716";"fairy"
"['Beast Boost']";"89";"Glowing Pokémon";"83";"Xurkitree";"796";"electric"
"['Mummy']";"30";"Spirit Pokémon";"38";"Yamask";"562";"ghost"
"['Speed Boost', 'Compoundeyes', 'Frisk']";"65";"Clear Wing Pokémon";"65";"Yanma";"193";"bug"
"['Speed Boost', 'Tinted Lens', 'Frisk']";"76";"Ogre Darner Pokémon";"86";"Yanmega";"469";"bug"
"['Stakeout', 'Strong Jaw', 'Adaptability']";"70";"Loitering Pokémon";"48";"Yungoos";"734";"normal"
"['Dark Aura']";"131";"Destruction Pokémon";"126";"Yveltal";"717";"dark"
"['Immunity', 'Toxic Boost']";"115";"Cat Ferret Pokémon";"73";"Zangoose";"335";"normal"
"['Pressure', 'Static']";"90";"Electric Pokémon";"90";"Zapdos";"145";"electric"
"['Lightningrod', 'Motor Drive', 'Sap Sipper']";"100";"Thunderbolt Pokémon";"75";"Zebstrika";"523";"electric"
"['Teravolt']";"150";"Deep Black Pokémon";"100";"Zekrom";"644";"dragon"
"['Pickup', 'Gluttony', 'Quick Feet']";"30";"Tiny Racoon Pokémon";"38";"Zigzagoon";"263";"normal"
"['Illusion']";"105";"Illusion Fox Pokémon";"60";"Zoroark";"571";"dark"
"['Illusion']";"65";"Tricky Fox Pokémon";"40";"Zorua";"570";"dark"
"['Inner Focus', 'Infiltrator']";"45";"Bat Pokémon";"40";"Zubat";"41";"poison"
"['Hustle']";"85";"Hostile Pokémon";"72";"Zweilous";"634";"dark"
"['Aura Break', 'Power Construct']";"100";"Order Pokémon";"216";"Zygarde";"718";"dragon"
